"fips","state","base","service_branch","zip_code","coordinates","nmc","miles_to_nmc","headcount_below_2000","total_sponsors","total_spouses","children0-5","children6-11","children12-18","children19andup","other_dependents","total_personnel","family_support_center","personal_financial_management","chaplains","morale_welfare_recreation","county","median_contract_rent","geometry"
"51013","Virginia","Pentagon","DOD","20301","38.870991, -77.055959","Washington D.C.",2,"No",7612,5555,2991,3838,3727,1138,"99","24960","YES","NO","YES","NO","Arlington County, Virginia",2124,c(1962573.16549952, -407384.459717771)
"51013","Virginia","Fort Myer","Army","22211","38.880990, -77.080405","Washington D.C.",1,"No",2133,1074,619,470,386,84,"17","4783","YES","YES","YES","YES","Arlington County, Virginia",2124,c(1960262.05670627, -406883.551548605)
"06059","California","Seal Beach NAVWEAPSTA","Navy","90740","33.749834, -118.088769","Long Beach",1,"Yes",212,122,81,66,49,12,"0","542","NO","YES","NO","YES","Orange County, California",2120,c(-1668194.20647169, -1069308.53186955)
"06111","California","Pt Mugu NAS","Navy","93042","34.115783, -119.088213","Oxnard",7,"Yes",1372,672,460,380,225,34,"4","3147","NO","YES","YES","YES","Ventura County, California",2014,c(-1750399.85006162, -1009302.38110278)
"06111","California","Port Hueneme NCBC","Navy","93043","34.168520, -119.201604","Los Angeles",60,"No",3264,1587,1004,731,525,99,"7","7217","NO","YES","YES","YES","Ventura County, California",2014,c(-1759400.25606688, -1001212.54262276)
"51059","Colorado","Peterson AFB","Air Force","80914","38.824734, -104.704033","Colorado Springs",6,"No",3645,2136,1446,1363,1021,229,"15","9855","YES","YES","YES","NO","Fairfax County, Virginia",1983,c(-408734.638714634, -674088.07265038)
"51059","Virginia","Fort Belvoir","Army","22060","38.699681, -77.155401","Washington D.C.",10,"No",4614,2908,2002,1933,1558,396,"78","13489","YES","YES","YES","YES","Fairfax County, Virginia",1983,c(1959226.96951203, -428266.021346479)
"51059","Colorado","Schriever AFB","Air Force","80912","38.802568, -104.518953","Colorado Springs",10,"Yes",1853,993,671,546,381,74,"14","4532","YES","YES","YES","YES","Fairfax County, Virginia",1983,c(-392797.198734291, -677431.036543889)
"36059","New York","1st Marine Corps District","Marine Corps","11530","40.729431, -73.614484","New York",25,"Yes",391,240,188,133,71,12,"2","1037","NO","NO","NO","NO","Nassau County, New York",1944,c(2183241.74491482, -120472.131023917)
"06073","California","Camp Pendleton","Marine Corps","92055","33.309353, -117.315158","San Diego",35,"No",39690,14060,8218,5035,3081,570,"46",NA,"YES","YES","YES","YES","San Diego County, California",1886,c(-1606886.74053178, -1132242.37389767)
"06073","California","Fleet ASW Training Center Pacific","Navy","92147","32.725156, -117.220570","San Diego",7,"Yes",1417,816,568,474,418,84,"9","3786","NO","NO","NO","NO","San Diego County, California",1886,c(-1609757.20497437, -1197755.58586564)
"06073","California","Naval Medical Center San Diego","Navy","92134","32.725023, -117.145539","San Diego",0,"No",4028,1797,1266,893,587,127,"16","8714","NO","NO","NO","NO","San Diego County, California",1886,c(-1602862.02844573, -1199181.52369578)
"06073","California","San Diego MC Recruit Depot","Marine Corps","92140","32.742070, -117.199353","San Diego",2,"No",6764,1121,828,600,305,49,"6","9673","YES","YES","YES","YES","San Diego County, California",1886,c(-1607475.84262753, -1196310.34585527)
"06073","California","North Island NAS","Navy","92135","32.699678, -117.183127","San Diego",4,"No",8809,4070,2895,2110,1392,302,"7","19585","NO","NO","NO","NO","San Diego County, California",1886,c(-1606813.10775885, -1201239.87135464)
"06073","California","Coronado NAV AMPHIB Base","Navy","92155","32.672339, -117.165807","San Diego",5,"No",6057,3096,2071,1539,1074,227,"20","14084","NO","YES","YES","YES","San Diego County, California",1886,c(-1605753.8263886, -1204547.76946167)
"06073","California","San Diego Point Loma","Navy","92106","32.683205, -117.240132","San Diego",5,"Yes",1252,728,532,390,303,81,"6","3292","YES","YES","YES","YES","San Diego County, California",1886,c(-1612377.80659793, -1201962.28759365)
"06073","California","MCAS Miramar","Marine Corps","92145","32.891447, -117.131173","San Diego",10,"No",7535,3122,1831,1205,716,122,"11","14542","NO","YES","YES","YES","San Diego County, California",1886,c(-1598293.20264335, -1181295.08893755)
"06073","California","San Diego NAVSTA","Navy","92136","32.685100, -117.126487","San Diego",0,"No",32983,13315,8487,6426,4484,803,"59","66557","YES","YES","YES","YES","San Diego County, California",1886,c(-1601887.86422819, -1203894.08268777)
"25017","Massachusetts","Hanscom AFB","Air Force","1731","42.456877, -71.274214","Boston",20,"Yes",833,418,236,259,175,32,"4","1957","YES","YES","YES","YES","Middlesex County, Massachusetts",1837,c(2303016.75096535, 128366.965667432)
"06083","California","Vandenberg AFB","Air Force","93437","34.744297, -120.564288","Santa Barbara",55,"No",2402,1104,819,549,329,48,"3","5254","YES","YES","YES","YES","Santa Barbara County, California",1834,c(-1867484.20467521, -909366.843649096)
"15003","Hawaii","Camp H.M Smith","Marine Corps","96861","21.385863, -157.908450","Honolulu",10,"Yes",1172,848,467,569,440,143,"8","3647","NO","NO","NO","NO","Honolulu County, Hawaii",1824,c(-624107.113007731, -1953829.41481731)
"15003","Hawaii","Schofield Barracks","Army","96857","21.490920, -158.061974","Honolulu",20,"No",15057,7603,5502,3303,2012,390,"155","34022","YES","YES","YES","YES","Honolulu County, Hawaii",1824,c(-641263.084015377, -1940409.93213425)
"15003","Hawaii","Tripler Army Medical Center","Army","96859","21.359207, -157.893040","Honolulu",3,"Yes",1765,1000,672,528,377,97,"56","4495","NO","NO","NO","NO","Honolulu County, Hawaii",1824,c(-622166.584352489, -1956994.55267913)
"15003","Hawaii","Naval Base Pearl Harbor","Navy","96860","21.349617, -157.946231","Honolulu",6,"No",10222,4570,2894,2173,1505,314,"19","21697","YES","YES","YES","YES","Honolulu County, Hawaii",1824,c(-627505.518831613, -1957550.70957203)
"15003","Hawaii","Hickham AFB","Air Force","96853","21.336771, -157.952567","Honolulu",9,"No",5561,2836,1845,1577,991,189,"35","13034","YES","YES","YES","YES","Honolulu County, Hawaii",1824,c(-627985.064176241, -1958939.49747509)
"15003","Hawaii","Fort Shafter","Army","96858","21.345072, -157.883876","Honolulu",7,"No",2584,1576,999,938,831,250,"59","7237","YES","YES","YES","YES","Honolulu County, Hawaii",1824,c(-621034.890860396, -1958682.42065459)
"15003","Hawaii","MCBH Kaneohe Bay","Marine Corps","96863","21.448048, -157.754982","Honolulu",14,"No",9157,3325,1907,1171,666,122,"10","16358","NO","YES","YES","NO","Honolulu County, Hawaii",1824,c(-609173.552529496, -1948306.80141647)
"24031","District of Columbia","Walter Reed Army Medical Center","Army","20307","39.000774, -77.094052","Washington D.C.",0,"Yes",266,178,156,109,63,12,"4","788","NO","NO","NO","NO","Montgomery County, Maryland",1823,c(1955695.9468758, -394256.044181616)
"25021","Massachusetts","Westover ARB AFB","Air Force","1022","42.197851, -72.545324","Springfield",10,"Yes",168,99,65,51,29,3,"0","415","YES","YES","YES","YES","Norfolk County, Massachusetts",1794,c(2215434.15118859, 65345.8828875734)
"25021","Illinois","Naval Station Great Lakes","Navy","60088","42.312094, -87.835332","Chicago",30,"No",15726,2396,1617,1185,798,148,"5","21875","YES","YES","YES","YES","Norfolk County, Massachusetts",1794,c(998595.064691643, -224518.448080737)
"06095","California","Travis AFB","Air Force","94535","38.270864, -121.947730","San Francisco",45,"No",6675,3212,2098,1485,960,153,"52","14635","YES","YES","YES","YES","Solano County, California",1777,c(-1896241.67355621, -495559.802916694)
"51153","Colorado","Fort Carson","Army","80913","38.735846, -104.787681","Colorado Springs",6,"No",24520,13256,9358,6036,3540,617,"146","57473","YES","YES","YES","YES","Prince William County, Virginia",1755,c(-416527.522949437, -683518.783334175)
"51153","Virginia","MCCDC Quantico VA","Marine Corps","22134","38.507898, -77.307027","Washington D.C.",35,"No",8409,4160,2776,2069,1484,370,"17","19285","YES","YES","YES","YES","Prince William County, Virginia",1755,c(1952053.66454863, -452592.524297713)
"51153","Missouri","Whiteman AFB","Air Force","65305","38.732016, -93.559984","Kansas City",60,"No",3831,1703,1203,870,524,72,"9","8212","YES","YES","YES","YES","Prince William County, Virginia",1755,c(560086.165739284, -674284.552954416)
"51153","Missouri","Naval Research Center St. Louis","Navy","63044","38.747460, -90.370522","St. Louis",10,"Yes",278,194,146,128,85,11,"1","843","NO","NO","NO","NO","Prince William County, Virginia",1755,c(835994.915674367, -645906.396019988)
"24003","Maryland","Annapolis NS (Incl. USNA)","Navy","21402","38.981965, -76.483779","Annapolis",0,"Yes",1447,687,474,375,296,81,"5","3365","YES","YES","YES","YES","Anne Arundel County, Maryland",1733,c(2006627.2775953, -381648.304450292)
"24003","Maryland","Fort George G. Meade","Army","20755","39.097834, -76.729242","Baltimore",15,"No",11140,5497,3731,3103,2096,385,"93","26041","YES","YES","YES","YES","Anne Arundel County, Maryland",1733,c(1982994.09278976, -375066.028060433)
"06053","California","NAS Monterey/Naval Postgraduate School","Navy","93943","36.596812, -121.874274","Monterey",0,"Yes",871,531,401,255,114,35,"3","2210","NO","NO","NO","YES","Monterey County, California",1730,c(-1934939.88623947, -678675.890996383)
"06053","California","Presidio of Monterey","Army","93944","36.605334, -121.911706","Monterey",0,"No",4132,1275,778,521,243,53,"20","7022","YES","YES","YES","YES","Monterey County, California",1730,c(-1937931.38631569, -676884.868833938)
"11001","District of Columbia","Joint Base Anacostia-Bolling","DOD","20332","38.841156, -77.018236","Washington D.C.",0,"No",2491,1344,860,780,529,124,"17","6145","YES","NO","YES","YES","District of Columbia, District of Columbia",1727,c(1966554.1839342, -409713.276796573)
"11001","District of Columbia","Marine Barracks, Washington D.C.","Marine Corps","20390","38.879906, -76.994405","Washington D.C.",0,"Yes",1424,669,406,374,262,57,"6","3198","NO","NO","NO","NO","District of Columbia, District of Columbia",1727,c(1967412.93964304, -404957.207053683)
"11001","District of Columbia","Fort Lesley J McNair","Army","20319","38.868233, -77.014071","Washington D.C.",0,"Yes",975,724,328,555,583,193,"8","3366","YES","NO","NO","NO","District of Columbia, District of Columbia",1727,c(1966120.73678652, -406687.065039516)
"11001","Virginia","Headquarters, Marine Corps","Marine Corps","22214","38.879493, -76.994518","Washington D.C.",1,"Yes",171,91,72,32,35,8,"0","409","NO","NO","NO","NO","District of Columbia, District of Columbia",1727,c(1967415.47386443, -405004.541552903)
"11001","District of Columbia","Washington NAVDIST HQ","Navy","20374","38.871753, -76.993823","Washington D.C.",0,"No",3100,1949,1144,1105,989,230,"18","8535","YES","YES","YES","YES","District of Columbia, District of Columbia",1727,c(1967695.77861171, -405824.672808824)
"12087","Florida","Key West NAS","Navy","33040","24.568068, -81.768698","Miami",150,"Yes",797,423,255,158,112,38,"0","1783","YES","YES","YES","YES","Monroe County, Florida",1725,c(1859937.48978353, -2063977.46911093)
"34027","New Jersey","Picatinny Arsenal","Army","7806","40.943249, -74.567258","Newark",30,"Yes",129,99,85,73,48,14,"2","450","YES","YES","YES","NO","Morris County, New Jersey",1692,c(2100651.76670159, -122523.869016139)
"06037","California","Los Angeles AFB","Air Force","90245","33.918366, -118.382831","Los Angeles",10,"Yes",1435,786,489,449,282,59,"10","3510","YES","YES","YES","YES","Los Angeles County, California",1666,c(-1691206.89233398, -1045121.72185606)
"24017","Maryland","Indian Head NAV ORD STA","Navy","20640","38.600002, -77.169908","Washington D.C.",25,"Yes",584,257,149,121,80,12,"1","1204","YES","YES","NO","YES","Charles County, Maryland",1664,c(1960859.94322693, -439389.410212151)
"53061","Washington","Naval Station Everett","Navy","98207","47.989971, -122.218391","Seattle",25,"No",2576,1182,720,516,374,54,"0","5422","YES","YES","YES","NO","Snohomish County, Washington",1661,c(-1632209.55452794, 561160.369228845)
"36047","New York","Fort Hamilton","Army","11252","40.608516, -74.027896","New York",0,"Yes",211,143,105,114,59,7,"6","645","YES","YES","YES","YES","Kings County, New York",1592,c(2154508.09827092, -144398.369076594)
"08005","Colorado","Buckley AFB","Air Force","80011","39.705205, -104.760162","Aurora",0,"No",2540,1285,842,580,346,46,"7","5646","YES","YES","YES","YES","Arapahoe County, Colorado",1577,c(-408309.770560989, -576278.112645005)
"24033","Maryland","Andrews AFB","Air Force","20762","38.800918, -76.881770","Washington D.C.",10,"No",4312,2171,1563,1136,720,144,"26","10072","YES","YES","YES","YES","Prince George's County, Maryland",1567,c(1979017.06398419, -410805.644533169)
"51199","Virginia","Yorktown Navy Weapon Station","Navy","23691","37.235462, -76.549474","Newport News",2,"Yes",1311,554,345,295,182,26,"3","2716","YES","YES","YES","YES","York County, Virginia",1548,c(2051866.08510653, -571880.663515613)
"34025","New Jersey","Earle NAVWEAPSTA","Navy","7722","40.264954, -74.161471","Newark",50,"Yes",370,206,128,103,65,9,"0","881","YES","YES","YES","YES","Monmouth County, New Jersey",1507,c(2155230.64976552, -184762.716864311)
"06065","California","March AFB","Air Force","92518","33.891678, -117.260703","San Bernardino",21,"Yes",324,192,165,113,62,9,"1","866","YES","YES","YES","YES","Riverside County, California",1497,c(-1590315.58115163, -1069722.29540473)
"53035","Washington","Naval Base Kitsap-Bangor","Navy","98315","47.697844, -122.696439","Bremerton",16,"No",5845,2986,1929,1392,882,132,"4","13170","YES","YES","YES","YES","Kitsap County, Washington",1477,c(-1675488.45066463, 539642.018387691)
"53035","Washington","Naval Base Kitsap-Bremerton","Navy","98337","47.562456, -122.649711","Bremerton",0,"No",6892,2694,1619,1157,769,142,"5","13278","YES","YES","YES","YES","Kitsap County, Washington",1477,c(-1676470.66243086, 524086.221495931)
"53035","Washington","Naval Hospital Bremerton","Navy","98312","47.594805, -122.691606","Bremerton",1,"Yes",716,339,240,176,132,23,"1","1627","NO","NO","NO","NO","Kitsap County, Washington",1477,c(-1678433.81348303, 528450.715136914)
"12086","Florida","Homestead AFB","Air Force","33039","25.489200, -80.391105","Homestead",9,"Yes",429,251,150,162,128,23,"4","1147","NO","NO","NO","NO","Miami-Dade County, Florida",1458,c(1979965.90345248, -1934438.268636)
"12086","Florida","Southern Command","Army","33172","25.806739, -80.347824","Miami",0,"Yes",1370,820,450,447,390,100,"19","3596","NO","NO","NO","YES","Miami-Dade County, Florida",1458,c(1978014.09409928, -1899127.01234279)
"24021","Maryland","Fort Detrick","Army","21702","39.435302, -77.427446","Baltimore/Washington D.C.",50,"Yes",991,649,400,387,344,82,"11","2864","YES","YES","YES","YES","Frederick County, Maryland",1455,c(1915783.89372999, -355079.075554456)
"34029","New Jersey","(C4) Lakehurst Naval Air Engineering Center","Navy","8733","40.029751, -74.314803","Philadelphia, PA",57,"Yes",274,162,116,93,72,14,"0","731","YES","YES","YES","YES","Ocean County, New Jersey",1444,c(2150653.01841325, -214030.455963928)
"53053","Washington","Fort Lewis","Army","98433","47.088753, -122.602572","Tacoma",12,"No",26512,14034,9944,6774,4407,884,"276","62831","NO","NO","YES","YES","Pierce County, Washington",1437,c(-1688106.88315072, 472084.552399684)
"53053","Washington","McChord AFB","Air Force","98438","47.088753, -122.602572","Tacoma",9,"No",2941,1474,978,679,428,62,"13","6575","YES","YES","YES","YES","Pierce County, Washington",1437,c(-1688106.88315072, 472084.552399684)
"06067","California","(C2) Sacramento Army Depot","Army","95828","38.524586, -121.395982","Sacramento",0,"Yes",316,249,245,154,49,11,"6","1030","NO","NO","NO","NO","Sacramento County, California",1417,c(-1843151.48575018, -480492.275042649)
"24037","Maryland","Patuxent River NAS","Navy","20670","38.276505, -76.439963","Washington D.C.",65,"No",2267,1501,1005,868,641,132,"3","6417","YES","YES","YES","YES","St. Mary's County, Maryland",1409,c(2030954.65714032, -456750.045512097)
"44005","Rhode Island","Naval Station Newport","Navy","2841","41.51687, -71.31995","Newport",0,"No",3269,1453,927,815,581,139,"7","7191","YES","YES","YES","YES","Newport County, Rhode Island",1396,c(2334672.3028711, 27196.4504864295)
"34005","New Jersey","McGuire AFB","Air Force","8641","40.034347, -74.590040","Trenton",18,"No",4510,2090,1418,993,620,106,"18","9755","YES","YES","YES","YES","Burlington County, New Jersey",1387,c(2128382.19991083, -220716.634890633)
"06071","California","29 Palms MC Air/Ground Combat Center","Marine Corps","92278","34.233798, -116.056062","Palm Springs",60,"No",9490,2915,1805,1085,661,112,"4",NA,"YES","YES","YES","NO","San Bernardino County, California",1384,c(-1474622.91376422, -1054093.01669174)
"06071","California","Fort Irwin","Army","92310","35.261947, -116.687581","San Bernardino",70,"No",4130,2227,1572,1189,783,160,"36","10097","YES","NO","YES","YES","San Bernardino County, California",1384,c(-1511538.12056684, -930555.983395299)
"12095","Florida","NSA Orlando","Navy","32826","28.584035, -81.197681","Orlando",0,"Yes",163,123,79,74,60,4,"0","503","YES","NO","NO","YES","Orange County, Florida",1364,c(1840322.06032843, -1616722.91437864)
"51810","Virginia","Dam Neck Training Center Atlantic","Navy","23461","36.780247, -75.958299","Virgnia Beach",4,"No",3838,2146,1593,1242,743,131,"4","9697","YES","YES","YES","YES","Virginia Beach city, Virginia",1364,c(2115142.70929991, -606235.433158468)
"51810","Virginia","Oceana NAS","Navy","23460","36.811314, -76.028177","Virginia Beach",0,"No",5711,2490,1864,1341,890,158,"12","12466","YES","YES","YES","YES","Virginia Beach city, Virginia",1364,c(2108302.28881208, -604654.04381657)
"51810","Virginia","Little Creek Nav Amphib Base","Navy","23521","36.915579, -76.190733","Norfolk",0,"Yes",1045,380,213,170,109,15,"0","1932","YES","YES","YES","YES","Virginia Beach city, Virginia",1364,c(2091475.81468668, -597497.847976152)
"51810","Virginia","Fort Story","Army","23459","36.922038, -76.000285","Virgnia Beach",3,"No",8790,4642,3435,2691,1842,329,"10","21739","YES","YES","YES","YES","Virginia Beach city, Virginia",1364,c(2107445.84264682, -592000.142327913)
"53029","Washington","Whidbey Island NAS","Navy","98278","48.347180, -122.659006","Seattle",80,"No",7304,3344,2240,1571,981,162,"8","15610","YES","YES","YES","YES","Island County, Washington",1363,c(-1652020.39876807, 608721.046653129)
"25023","Massachusetts","(C4) South Weymouth NAS","Navy","2190","42.149370, -70.943139","Boston",0,"Yes",426,265,195,153,83,24,"0","1146","NO","NO","NO","NO","Plymouth County, Massachusetts",1359,c(2339828.85313706, 105226.234899501)
"50007","Vermont","Burlington IAP-AGS","Air Force","05403","44.473397, -73.146340","Albany",151,"Yes",113,56,42,35,17,2,"1","266","NO","NO","NO","NO","Chittenden County, Vermont",1358,c(2088030.56685807, 291926.24042261)
"51149","Virginia","Fort Lee","Army","23801","37.247420, -77.334919","Petersburg",3,"No",8469,3041,2028,1998,1812,363,"74","17785","NO","NO","NO","NO","Prince George County, Virginia",1356,c(1984953.20519407, -589633.61550196)
"08041","Colorado","USAF Academy","Air Force","80840","38.998401, -104.861875","Colorado Springs",8,"No",2070,1044,747,718,584,106,"10","5279","NO","YES","YES","YES","El Paso County, Colorado",1332,c(-421370.561100957, -654069.520078664)
"22075","Louisiana","New Orleans NAS JRB","Navy","70143","29.824834, -90.020021","New Orleans",0,"Yes",463,257,162,120,102,27,"1","1132","YES","YES","YES","YES","Plaquemines Parish, Louisiana",1326,c(970260.522623294, -1623868.79330883)
"36071","New York","Stewart Newburgh USARC","Army","12550","41.502060, -74.082805","New York",60,"Yes",259,136,76,66,36,4,"1","578","NO","NO","NO","NO","Orange County, New York",1305,c(2120299.82178583, -50051.2732500114)
"36071","New York","West Point MILRES","Army","10996","41.390925, -73.978758","New York",50,"Yes",1527,890,711,625,541,112,"11","4417","YES","YES","YES","YES","Orange County, New York",1305,c(2132197.80058838, -59245.5703963994)
"24025","Maryland","Aberdeen Proving Ground","Army","21005","39.463803, -76.127823","Baltimore",23,"Yes",831,588,331,366,422,115,"19","2672","YES","YES","YES","YES","Harford County, Maryland",1290,c(2021498.06834012, -320956.708379598)
"02020","Alaska","Elmendorf AFB","Air Force","99506","61.252735, -149.798069","Anchorage",2,"No",5504,2722,1900,1431,830,126,"26","12539","YES","YES","YES","YES","Anchorage Municipality, Alaska",1285,c(-1507368.19658737, -2082924.36691781)
"02020","Alaska","Fort Richardson","Army","99505","61.253827, -149.692794","Anchorage",8,"No",5141,2480,1721,1094,589,80,"27","11132","YES","YES","YES","YES","Anchorage Municipality, Alaska",1285,c(-1504703.41924333, -2082410.80823425)
"45013","South Carolina","Parris Island MCRD","Marine Corps","29905","32.351270, -80.689530","Savannah, GA",43,"No",7408,1117,921,505,246,44,"7","10248","YES","YES","YES","YES","Beaufort County, South Carolina",1278,c(1809499.62517005, -1196634.72957104)
"45013","South Carolina","Beaufort MCAS","Marine Corps","29904","32.45974, -80.71642","Savannah, GA",40,"No",3475,1617,1063,647,385,64,"3","7254","NO","YES","YES","YES","Beaufort County, South Carolina",1278,c(1804666.45772231, -1185408.25646402)
"49011","Utah","Hill AFB","Air Force","84056","41.120713, -111.977634","Ogden",6,"No",4201,2241,1485,1222,726,98,"12","9985","YES","YES","YES","YES","Davis County, Utah",1278,c(-1001969.68717748, -358077.933904251)
"27053","Minnesota","Fort Snelling","Army","55111","44.894991, -93.199064","Minneapolis",0,"Yes",262,181,156,123,67,10,"0","799","NO","NO","NO","NO","Hennepin County, Minnesota",1268,c(536456.781937689, 10785.9458748102)
"51041","Virginia","Richmond Defense Depot","Army","23297","37.424562, -77.449493","Richmond",0,"Yes",303,186,139,136,80,18,"2","864","YES","YES","NO","YES","Chesterfield County, Virginia",1266,c(1970338.27769924, -573185.135461199)
"04013","Arizona","Luke AFB","Air Force","85309","33.541146, -112.375364","Pheonix",20,"No",4607,2165,1625,1136,672,71,"20","10296","YES","YES","YES","NO","Maricopa County, Arizona",1251,c(-1149910.26510106, -1186767.29671917)
"12057","Florida","Macdill AFB","Air Force","33621","27.852078, -82.507260","Tampa",5,"No",5705,3502,2208,2129,1774,403,"45","15766","YES","YES","YES","YES","Hillsborough County, Florida",1250,c(1727781.71881147, -1723015.57313863)
"45019","South Carolina","Charleston AFB","Air Force","29404","32.89684, -80.05224","Charleston",10,"No",3727,1879,1258,858,472,78,"11","8283","YES","YES","YES","YES","Charleston County, South Carolina",1246,c(1855546.73798167, -1123632.09361522)
"45015","South Carolina","Navy Weapons Station, Charleston","Navy","29445","32.958290, -79.936793","Charleston",25,"Yes",632,335,210,204,116,19,"3","1519","YES","YES","YES","YES","Berkeley County, South Carolina",1239,c(1864634.76722497, -1114432.31207037)
"45015","South Carolina","(C3) Charleston
NAVSTA","Navy","29408","32.958290, -79.936793","Charleston",0,"Yes",176,121,95,93,46,8,"1","540","YES","YES","YES","YES","Berkeley County, South Carolina",1239,c(1864634.76722497, -1114432.31207037)
"45015","South Carolina","NV Weapons Station Charleston","Navy","29445","32.958290, -79.936793","Charleston",21,"No",6855,2176,1345,746,349,45,"5","11521","YES","YES","YES","YES","Berkeley County, South Carolina",1239,c(1864634.76722497, -1114432.31207037)
"51550","Virginia","NSA Northwest Annex","Navy","23322","36.567848, -76.248337","Chesapeake",0,"Yes",866,434,322,271,154,28,"2","2087","YES","YES","NO","NO","Chesapeake city, Virginia",1236,c(2096592.80099188, -636485.661333812)
"02090","Alaska","Eielson AFB","Air Force","99702","64.674166, -147.029604","Fairbanks",26,"Yes",1958,973,646,489,287,23,"6","4832","YES","YES","YES","YES","Fairbanks North Star Borough, Alaska",1228,c(-1471267.08963554, -1874733.48924126)
"02090","Alaska","Fort Jonathan Wainwright","Army","99703","64.840820, -147.610442","Fairbanks",1,"No",6117,2863,2008,1215,754,117,"38","13112","YES","YES","YES","YES","Fairbanks North Star Borough, Alaska",1228,c(-1485853.14766751, -1867822.03756255)
"32003","Nevada","Nellis AFB","Air Force","89191","36.239979, -115.054563","Las Vegas",8,"No",10168,4461,3250,2307,1474,236,"41","21937","YES","YES","YES","YES","Clark County, Nevada",1222,c(-1348053.92440248, -851209.510446249)
"13053","Georgia","Fort Benning","Army","31905","32.351651, -84.969199","Columbus",5,"No",24305,8236,5993,4717,2895,557,"82","46785","NO","NO","NO","NO","Chattahoochee County, Georgia",1197,c(1414281.46319821, -1277264.26600749)
"12091","Florida","Hurlburt Field","Air Force","32544","30.417722, -86.692328","Pensacola",35,"No",8185,3968,2826,2163,1368,238,"34","18782","YES","YES","YES","YES","Okaloosa County, Florida",1179,c(1282478.76128926, -1515737.67814053)
"12091","Florida","Eglin AFB","Air Force","32542","30.462056, -86.551794","Pensacola",40,"No",9243,4759,3498,2630,1612,261,"33","22036","YES","YES","YES","YES","Okaloosa County, Florida",1179,c(1295236.82554354, -1508796.96522868)
"51099","Virginia","NAVSURFWEAPCEN
Dahlgren","Navy","22448","38.326820, -77.037444","Fredericksburg",23,"Yes",688,330,211,196,134,24,"0","1583","YES","YES","YES","YES","King George County, Virginia",1174,c(1979676.33982014, -465777.960461149)
"51099","Maryland","(C4) White Oak NSWC Dahlgren","Navy","20903","38.333775, -77.040005","Washington D.C.",5,"Yes",532,285,184,154,125,31,"8","1319","YES","YES","YES","YES","King George County, Virginia",1174,c(1979264.37412747, -465087.160235918)
"12113","Florida","Whiting Field NAS","Navy","32570","30.714295, -87.018116","Pensacola",30,"Yes",1145,458,263,167,110,20,"4","2167","YES","YES","NO","YES","Santa Rosa County, Florida",1173,c(1247155.33137278, -1488063.47977603)
"48439","Texas","NAS JRB Fort Worth","Navy","76127","32.768604, -97.433553","Fort Worth",0,"Yes",934,514,334,297,197,30,"0","2306","YES","YES","YES","YES","Tarrant County, Texas",1169,c(241774.065944663, -1351824.7119966)
"12009","Florida","Patrick AFB","Air Force","32925","28.235950, -80.606181","Orlando",45,"Yes",1733,935,599,534,419,59,"4","4283","NO","YES","NO","YES","Brevard County, Florida",1166,c(1904173.16095544, -1641758.20272676)
"06051","California","USMC Mountain Warfare Training","Marine Corps","93517","38.357869, -119.513997","Sacramento",100,"Yes",251,142,109,60,29,2,"0","593","NO","NO","YES","YES","Mono County, California",1119,c(-1688970.12901506, -538665.569895255)
"12031","Florida","Jacksonville NAS","Navy","32212","30.220222, -81.685840","Jacksonville",9,"No",6967,3590,2460,1873,1311,252,"13","16466","YES","YES","YES","YES","Duval County, Florida",1108,c(1761260.43129066, -1449107.36479054)
"12031","Florida","Blount Island","Marine Corps","32226","30.398777, -81.533959","Jacksonville",0,"Yes",133,85,63,47,41,11,"0","380","NO","NO","NO","NO","Duval County, Florida",1108,c(1771997.72934429, -1426581.39829897)
"12031","Florida","Mayport NAVSTA","Navy","32228","30.388042, -81.408410","Jacksonville",10,"No",10442,5426,3685,2980,2078,385,"17","25013","YES","YES","YES","YES","Duval County, Florida",1108,c(1784035.17377449, -1425160.00507771)
"12005","Florida","Tyndall AFB","Air Force","32403","30.081332, -85.612716","Panama City",12,"Yes",1633,792,507,433,294,55,"8","3722","NO","YES","YES","YES","Bay County, Florida",1105,c(1390662.6258067, -1535831.47780386)
"12005","Florida","Nav Coastal Systems Ctr","Navy","32407","30.175843, -85.758538","Panama City",0,"Yes",615,337,223,166,122,29,"0","1492","YES","YES","YES","NO","Bay County, Florida",1105,c(1375260.66016989, -1527838.05826952)
"31153","Nebraska","Offutt AFB","Air Force","68113","41.121313, -95.912596","Omaha",8,"No",6012,3118,2186,1713,1146,189,"15","14379","YES","YES","YES","YES","Sarpy County, Nebraska",1068,c(343292.831334275, -422340.901856011)
"09180","Connecticut","New London NAVSUBBASE","Navy","6349","41.388375, -72.085992","Hartford",50,"No",6385,3076,1927,1426,902,136,"4","13856","YES","YES","YES","YES","Southeastern Connecticut Planning Region, Connecticut",1067,c(2280064.35171759, -8226.87623888963)
"51650","Virginia","Langley AFB","Air Force","23665","37.080312, -76.356976","Hampton Roads",2,"No",7243,3424,2378,1944,1477,284,"42","16792","YES","YES","YES","YES","Hampton city, Virginia",1067,c(2072622.4348235, -583868.38673042)
"23031","New Hampshire","Portsmouth Naval Shipyard","Navy","3804","43.080329, -70.740040","Portsmouth",0,"Yes",959,466,268,213,133,24,"1","2064","YES","YES","YES","YES","York County, Maine",1049,c(2319515.59427308, 209770.705403339)
"36001","New York","Watervliet Arsenal","Army","12189","42.715854, -73.705039","Troy",1,"Yes",132,103,70,55,21,6,"0","387","NO","NO","NO","NO","Albany County, New York",1046,c(2108155.39563975, 89735.7731294097)
"48029","Texas","Fort Sam Houston","Army","78234","29.449987, -98.462584","San Antonio",0,"No",10721,4980,3405,3165,2630,649,"105","25655","YES","YES","YES","YES","Bexar County, Texas",1045,c(150512.745362304, -1719437.39383808)
"48029","Texas","Lackland AFB","Air Force","78236","29.379102, -98.622908","San Antonio",5,"No",22220,7384,5188,4146,2924,559,"100","42521","YES","YES","YES","YES","Bexar County, Texas",1045,c(134927.275303055, -1727485.86803918)
"48029","Texas","Randolph AFB","Air Force","78150","29.538519, -98.285344","San Antonio",5,"No",2813,1548,1122,1050,879,183,"20","7615","YES","YES","YES","YES","Bexar County, Texas",1045,c(167694.576949653, -1709388.56995184)
"42101","Pennsylvania","Defense Supply Ctr
Philadelphia","DOD","19111","39.91680, -75.18156","Philadelphia",0,"Yes",335,220,152,145,111,22,"2","987","YES","NO","NO","NO","Philadelphia County, Pennsylvania",1042,c(2084445.82504849, -248534.399434971)
"10001","Delaware","Dover AFB","Air Force","19902","39.127819, -75.469504","Dover",5,"No",3484,1716,1146,788,496,78,"10","7718","YES","YES","YES","YES","Kent County, Delaware",1031,c(2085588.4048729, -340762.857659306)
"51700","Virginia","Fort Eustis","Army","23604","37.156755, -76.578199","Newport News",13,"No",5645,2926,2008,1768,1422,319,"47","14135","YES","YES","YES","YES","Newport News city, Virginia",1023,c(2051684.28884434, -581091.745173512)
"51710","Virginia","Norfolk Endist","Navy","23502","36.937904, -76.319023","Norfolk",6,"Yes",268,186,91,131,146,37,"4","863","YES","YES","YES","NO","Norfolk city, Virginia",1005,c(2079941.15300767, -598299.741353099)
"51710","Virginia","Norfolk Naval Base","Navy","23505","36.937904, -76.319023","Norfolk",0,"No",47368,20234,13768,10482,7512,1458,"71","100893","YES","YES","YES","YES","Norfolk city, Virginia",1005,c(2079941.15300767, -598299.741353099)
"51710","Virginia","Norfolk Naval Safety Center","Navy","23511","36.949188, -76.268761","Norfolk",0,"Yes",323,164,107,114,88,11,"1","808","NO","NO","NO","NO","Norfolk city, Virginia",1005,c(2083882.50853492, -595825.121440684)
"13179","Georgia","Fort Stewart","Army","31314","31.871590, -81.612903","Savannah",35,"No",19476,9986,7250,4748,3166,580,"96","45302","YES","YES","YES","YES","Liberty County, Georgia",1001,c(1734588.97093015, -1267956.19280691)
"51740","Virginia","Naval Medical Center Portsmouth","Navy","23708","36.845646, -76.305639","Norfolk",2,"No",3231,1429,1013,758,585,164,"12","7192","YES","YES","NO","YES","Portsmouth city, Virginia",999,c(2083732.12596454, -607927.226362357)
"51740","Virginia","Norfolk Naval Shipyard","Navy","23709","36.817453, -76.301358","Norfolk",3,"Yes",637,391,294,232,144,20,"3","1721","YES","YES","NO","YES","Portsmouth city, Virginia",999,c(2084906.68567704, -610864.37410925)
"36045","New York","Fort Drum","Army","13602","44.055182, -75.754983","Watertown",8,"No",15195,6808,4664,3032,1917,311,"84","32011","YES","YES","YES","YES","Jefferson County, New York",998,c(1906991.80720474, 182447.275537708)
"53063","Washington","Fairchild AFB","Air Force","99011","47.615783, -117.658025","Spokane",18,"No",3146,1593,1073,756,479,60,"9","7113","YES","YES","YES","YES","Spokane County, Washington",979,c(-1314382.37199891, 436264.308719976)
"42041","Pennsylvania","Navy Ships Parts
Control Center","Navy","17055","40.22814, -76.98632","Harrisburg",10,"Yes",156,108,52,75,78,13,"1","483","NO","NO","NO","NO","Cumberland County, Pennsylvania",977,c(1928881.1427371, -259054.870160531)
"42041","Pennsylvania","Carlisle Barracks","Army","17013","40.21030, -77.17406","Harrisburg",18,"Yes",503,427,136,326,375,133,"3","1903","YES","YES","YES","YES","Cumberland County, Pennsylvania",977,c(1914171.82600085, -265373.401430277)
"39049","Ohio","Navy Finance Center","Navy","44199","39.977277, -82.913527","Cleveland",0,"Yes",224,174,114,113,80,15,"2","722","NO","NO","NO","NO","Franklin County, Ohio",976,c(1448028.77286906, -407878.694343161)
"39049","Ohio","Columbus Def Depot","Army","43216","39.972667, -82.893862","Columbus",0,"Yes",198,133,101,100,61,8,"1","602","NO","NO","NO","YES","Franklin County, Ohio",976,c(1449766.12926338, -408038.078199937)
"48355","Texas","Corpus Christi NAS","Navy","78419","27.693934, -97.266927","Corpus Christi",10,"Yes",1367,500,321,206,116,29,"0","2539","YES","YES","YES","YES","Nueces County, Texas",967,c(272574.764317714, -1909216.42230524)
"06031","California","Lemoore NAS","Navy","93246","36.262629, -119.905443","Fresno",40,"No",6590,2904,1979,1486,964,187,"9","14119","YES","YES","YES","YES","Kings County, California",960,c(-1773083.93975312, -758578.413209116)
"46093","South Dakota","Ellsworth AFB","Air Force","57706","44.153717, -103.090115","Rapid City",3,"No",3348,1475,1065,702,456,59,"13","7118","YES","YES","YES","YES","Meade County, South Dakota",951,c(-247097.324589113, -89356.8743042391)
"13039","Georgia","Kings Bay NAVSUBBASE","Navy","31547","30.795837, -81.567108","Jacksonville, FL",40,"No",2918,1501,997,756,597,97,"5","6871","YES","YES","YES","YES","Camden County, Georgia",946,c(1760851.40699312, -1384079.19005949)
"26099","Michigan","Detroit Arsenal","Army","48092","42.491993, -83.038632","Warren",0,"Yes",127,100,56,94,73,28,"2","480","YES","YES","YES","YES","Macomb County, Michigan",944,c(1382294.89279569, -134996.855696345)
"06115","California","Beale AFB","Air Force","95903","39.110683, -121.355634","Sacramento",35,"No",3909,1815,1289,918,476,74,"10",NA,"YES","YES","YES","YES","Yuba County, California",941,c(-1824115.76160214, -417805.455764071)
"32001","Nevada","Fallon NAS","Navy","89496","39.420350, -118.724381","Reno",70,"Yes",935,488,348,237,128,32,"1","2169","NO","YES","YES","YES","Churchill County, Nevada",941,c(-1597160.77094556, -438541.628975672)
"37133","North Carolina","New River MCAS","Marine Corps","28545","34.727620, -77.470964","Jacksonville",2,"No",5517,2318,1532,897,462,70,"5","10801","YES","YES","YES","NO","Onslow County, North Carolina",940,c(2041412.57417513, -865619.650234822)
"37133","North Carolina","Camp Lejeune MCB","Marine Corps","28542","34.583376, -77.360221","Jacksonville",3,"No",38706,14655,9037,5725,3344,608,"31","72106","YES","YES","YES","YES","Onslow County, North Carolina",940,c(2054980.94805794, -878538.386660602)
"06029","California","China Lake NAVWEAPCEN","Navy","93555","35.651565, -117.660997","Los Angeles",140,"Yes",548,272,182,169,84,17,"0","1272","YES","YES","YES","YES","Kern County, California",938,c(-1589981.39108348, -870095.273556394)
"06029","California","Edwards AFB","Air Force","93524","34.923783, -117.897244","Los Angeles",95,"Yes",1910,987,706,541,295,44,"8","4491","YES","YES","YES","YES","Kern County, California",938,c(-1626309.06175327, -945012.709805578)
"12033","Florida","Naval Hospital Pensacola","Navy","32512","30.398450, -87.299238","Pensacola",0,"Yes",763,354,231,170,106,29,"3","1656","NO","NO","NO","NO","Escambia County, Florida",938,c(1224786.35154864, -1526634.96068841)
"12033","Florida","Corry Station NTTC","Navy","32511","30.406759, -87.281654","Pensacola",5,"No",2354,668,466,308,193,31,"4","4024","NO","NO","YES","YES","Escambia County, Florida",938,c(1226351.55691245, -1525477.04153925)
"12033","Florida","Pensacola NAS","Navy","32508","30.350149, -87.291778","Pensacola",8,"No",8595,2638,1651,1235,819,157,"12","15107","YES","NO","YES","YES","Escambia County, Florida",938,c(1226169.90348685, -1531813.44496053)
"45079","South Carolina","Fort Jackson","Army","29207","34.01290, -80.93364","Columbia",0,"No",11545,3235,2399,1866,1253,235,"56","20589","YES","YES","YES","YES","Richland County, South Carolina",927,c(1750786.69816859, -1020952.98828404)
"22115","Louisiana","Fort Polk","Army","71459","31.044602, -93.231599","Alexandria",60,"No",7783,3678,2638,1842,1184,218,"41","17384","NO","NO","NO","NO","Vernon Parish, Louisiana",923,c(649967.174217574, -1519981.96681714)
"04019","Arizona","Davis-Monthan AFB","Air Force","85707","32.189755, -110.875174","Tucson",0,"No",5995,2722,1893,1329,810,155,"15","12919","YES","YES","YES","YES","Pima County, Arizona",902,c(-1028271.0586547, -1354172.6587435)
"56021","Wyoming","Francis E Warren AFB","Air Force","82005","41.153795, -104.859878","Cheyenne",0,"No",3066,1407,1016,754,412,54,"7","6716","YES","YES","YES","YES","Laramie County, Wyoming",897,c(-407803.082968574, -415230.025711344)
"35001","New Mexico","Kirtland AFB","Air Force","87117","35.009501, -106.529228","Albuquerque",4,"No",3386,1686,1102,803,592,123,"10","7702","YES","YES","YES","YES","Bernalillo County, New Mexico",896,c(-597360.800274354, -1085033.60075118)
"42133","Pennsylvania","Defense Distribution
Depot Susquehanna","Army","17070","40.21199, -76.85083","Philadelphia",60,"Yes",286,207,161,147,108,16,"4","929","YES","NO","YES","YES","York County, Pennsylvania",895,c(1940340.58446021, -257608.988966721)
"16039","Idaho","Mountain Home AFB","Air Force","83648","43.065781, -115.855660","Boise",50,"No",3387,1497,1067,722,425,71,"2","7171","YES","YES","YES","YES","Elmore County, Idaho",894,c(-1281518.5241381, -90208.9898930015)
"20061","Kansas","Fort Riley","Army","66442","39.048742, -96.771804","Topeka",50,"No",15214,7023,5148,3389,2076,376,"69","33295","YES","YES","YES","YES","Geary County, Kansas",891,c(279746.662342335, -655353.430128325)
"38101","North Dakota","Minot AFB","Air Force","58705","48.414396, -101.333215","Minot",13,"No",5625,2197,1540,986,598,72,"13","11031","YES","YES","YES","YES","Ward County, North Dakota",885,c(-98700.9366584313, 380316.773747365)
"48027","Texas","Fort Hood","Army","76544","31.138673, -97.764192","Killeen",0,"No",36697,17879,12828,8673,6253,1293,"192","83815","NO","NO","NO","NO","Bell County, Texas",882,c(214734.440880374, -1532274.11176045)
"42003","Pennsylvania","Pittsburgh MEPS/
ENDIST","Army","15222","40.44337, -79.99476","Pittsburgh",0,"Yes",255,156,148,94,58,4,"2","717",NA,"NO","NO","NO","Allegheny County, Pennsylvania",874,c(1677895.88778383, -301706.446010494)
"13153","Georgia","Robins AFB","Air Force","31098","32.639675, -83.593178","Macon",15,"No",3313,1702,1193,978,682,137,"15","8020","YES","YES","YES","YES","Houston County, Georgia",872,c(1536530.41196471, -1222067.6954491)
"22015","Louisiana","Barksdale AFB","Air Force","71110","32.507599, -93.662093","Shreveport",1,"No",5175,2513,1686,1353,971,170,"22","11890","YES","YES","YES","YES","Bossier Parish, Louisiana",868,c(598337.972955206, -1362158.13815264)
"55079","Wisconsin","Gen Billy Mitchell Field/RSV","Air Force","53207","42.947855, -87.901944","Milwaukee",10,"Yes",168,107,71,57,41,6,"0","450","NO","NO","NO","NO","Milwaukee County, Wisconsin",868,c(982990.344598201, -155262.381106676)
"20103","Kansas","Fort Leavenworth","Army","66027","39.355935, -94.924833","Kansas City",30,"No",3438,2413,1882,1596,1238,304,"37","10908","YES","YES","YES","YES","Leavenworth County, Kansas",866,c(437611.156890912, -613370.688127068)
"29169","Missouri","Fort Leonard Wood","Army","65473","37.713642, -92.155793","Springfield",85,"No",12218,4062,2929,2374,1539,309,"48","23479","YES","YES","YES","YES","Pulaski County, Missouri",865,c(691728.696847006, -776384.051958197)
"38035","North Dakota","Grand Forks AFB","Air Force","58205","47.951734, -97.390293","Grand Forks",15,"Yes",1659,734,553,346,228,31,"9","3560","YES","YES","YES","YES","Grand Forks County, North Dakota",860,c(194999.005765977, 331243.244219997)
"37051","North Carolina","Pope AFB","Air Force","28308","35.171396, -79.017544","Fayetteville",12,"Yes",1568,891,726,500,213,35,"1","3934","YES","YES","YES","YES","Cumberland County, North Carolina",855,c(1894002.29810949, -853655.721886895)
"37051","North Carolina","Fort Bragg","Army","28307","35.153460, -78.982483","Fayetteville",10,"No",45055,23868,17089,12737,8413,1651,"288","109101","NO","NO","NO","NO","Cumberland County, North Carolina",855,c(1897531.9374995, -854813.087075831)
"48451","Texas","Goodfellow AFB","Air Force","76504","31.432229, -100.411686","San Angelo",2,"No",3688,1100,768,521,277,62,"7","6423","YES","YES","YES","YES","Tom Green County, Texas",855,c(-39368.3967612224, -1502629.13209393)
"01089","Alabama","Redstone Arsenal","Army","35898","34.690118, -86.650127","Huntsville",1,"Yes",588,475,210,340,365,120,"8","2106","YES","YES","YES","YES","Madison County, Alabama",852,c(1221790.58582227, -1047104.36265348)
"48441","Texas","Dyess AFB","Air Force","79607","32.414748, -99.843578","Abilene",6,"No",4513,2033,1495,1085,725,104,"8","9963","YES","YES","YES","YES","Taylor County, Texas",847,c(14834.9422773619, -1394443.49637568)
"18097","Indiana","(C2) Fort Benjamin Harrison","Army","46216","39.868455, -86.019655","Indianapolis",14,"Yes",426,341,230,290,214,51,"2","1554","NO","NO","NO","NO","Marion County, Indiana",845,c(1190208.78323942, -469335.712484211)
"18097","Indiana","DFAS Indianapolis Center","DOD","46226","39.853688, -86.014538","Indianapolis",14,"Yes",149,101,85,59,45,8,"3","450","NO","NO","NO","NO","Marion County, Indiana",845,c(1190902.12056374, -470884.781486577)
"37049","North Carolina","Cherry Point MCAS","Marine Corps","28533","34.904775, -76.890179","Moorehead City",20,"No",6052,2512,1570,985,649,98,"2","11868","YES","YES","YES","YES","Craven County, North Carolina",844,c(2087614.27942042, -832209.225495037)
"37049","North Carolina","Cherry Point Naval Aviation","Navy","28533","34.904339, -76.887089","Moorehead City",20,"Yes",411,208,136,103,70,22,"1","951","NO","NO","NO","NO","Craven County, North Carolina",844,c(2087896.60802727, -832179.667001144)
"39057","Ohio","Wright-Patterson AFB","Air Force","45433","39.816969, -84.052952","Dayton",10,"No",5401,3037,2246,1726,1209,270,"25","13914","YES","YES","YES","YES","Greene County, Ohio",843,c(1356266.75070314, -444744.290738419)
"47157","Tennessee","Naval Support Activity Mid-South","Navy","38053","35.337229, -89.878294","Memphis",22,"Yes",676,460,265,322,241,50,"0","2014","YES","YES","YES","YES","Shelby County, Tennessee",836,c(920615.181876261, -1016747.8345225)
"48141","Texas","Fort Bliss","Army","79916","31.881271, -106.327022","El Paso",0,"No",26100,13001,8912,6391,4715,988,"200","60307","YES","NO","NO","YES","El Paso County, Texas",829,c(-601712.46567955, -1431173.08707946)
"28047","Mississippi","Gulfport NCBC","Navy","39501","30.375026, -89.122610","New Orleans",70,"No",2906,1464,1020,824,537,118,"7","6876","YES","YES","NO","YES","Harrison County, Mississippi",827,c(1050463.89893161, -1553145.48608833)
"28047","Mississippi","Keesler AFB","Air Force","39534","30.409693, -88.926376","Biloxi",0,"No",5162,1713,1224,822,541,114,"11","9587","YES","YES","YES","NO","Harrison County, Mississippi",827,c(1068869.34093621, -1546948.27013727)
"40109","Oklahoma","Tinker AFB","Air Force","73145","35.417773, -97.402028","Oklahoma City",12,"No",6164,3036,2048,1524,1006,159,"14","13951","YES","YES","YES","NO","Oklahoma County, Oklahoma",814,c(236723.168597494, -1059230.20709024)
"28059","Mississippi","Pascagoula NAVSTA","Navy","39595","30.336758, -88.576686","Mobile, AL",30,"Yes",644,388,240,210,140,31,"0","1653","NO","NO","NO","NO","Jackson County, Mississippi",806,c(1103295.59456549, -1550554.0514345)
"13245","Georgia","Fort Eisenhower","Army","30905","33.414039, -82.138449","Augusta",12,"No",11220,5135,3653,2956,2153,426,"93","25636","YES","YES","YES","YES","Richmond County, Georgia",803,c(1654611.41270637, -1110355.55580648)
"35009","New Mexico","Cannon AFB","Air Force","88103","34.389156, -103.318320","Clovis",7,"No",4633,1796,1248,787,457,58,"7","8986","YES","YES","YES","YES","Curry County, New Mexico",792,c(-306272.631428213, -1170585.33438494)
"06025","California","El Centro NAF","Navy","92243","32.811478, -115.672400","El Centro",7,"Yes",248,124,61,65,48,5,"0","551","YES","YES","YES","YES","Imperial County, California",788,c(-1465589.38812711, -1216200.38372757)
"05119","Arkansas","Little Rock AFB","Air Force","72099","34.896491, -92.145738","Little Rock",18,"No",3536,1769,1255,909,545,85,"9","8108","YES","YES","YES","YES","Pulaski County, Arkansas",776,c(719324.545675837, -1087231.22488625)
"30013","Montana","Malmstrom AFB","Air Force","59402","47.505319, -111.184179","Great Falls",2,"No",3242,1520,1023,618,328,53,"8","6792","YES","YES","YES","YES","Cascade County, Montana",773,c(-839347.864884252, 337009.173701796)
"04027","Arizona","Yuma MCAS","Marine Corps","85369","32.655746, -114.581629","Yuma",27,"No",4946,2050,1361,831,407,50,"3","9648","YES","YES","YES","NO","Yuma County, Arizona",763,c(-1367432.22883186, -1251300.40164983)
"04027","Arizona","Yuma Proving Ground","Army","85365","33.017918, -114.254171","Yuma",30,"Yes",140,96,67,74,62,11,"1","451","YES","YES","YES","YES","Yuma County, Arizona",763,c(-1331190.77160575, -1216827.54951723)
"48485","Texas","Sheppard AFB","Air Force","76311","33.974310, -98.502774","Wichita Falls",5,"No",6074,1756,1090,779,413,54,"11","10177","YES","YES","YES","YES","Wichita County, Texas",762,c(139000.976645136, -1221150.18343173)
"01101","Alabama","Maxwell AFB (Incl. Gunter)","Air Force","36112","32.381737, -86.359191","Montgomery",2,"No",3012,1794,1421,1182,741,181,"17","8348","YES","YES","YES","YES","Montgomery County, Alabama",761,c(1284461.00768156, -1295857.70637189)
"21047","Kentucky","Fort Campbell","Army","42223","36.659384, -87.476057","Nashville",50,"No",26824,14127,10709,6589,3914,696,"118","62977","YES","YES","YES","YES","Christian County, Kentucky",761,c(1117439.87923911, -842246.17043101)
"55081","Wisconsin","Fort McCoy","Army","54656","44.024771, -90.685924","La Crosse",43,"Yes",290,229,148,180,182,42,"1","1072","YES","YES","YES","YES","Monroe County, Wisconsin",760,c(744749.629364261, -65796.653317761)
"17163","Illinois","Scott AFB","Air Force","62225","38.542101, -89.857214","St. Louis, MO",23,"No",4610,2621,1812,1681,1263,282,"27","12296","YES","YES","YES","YES","St. Clair County, Illinois",759,c(882896.722679062, -663282.422047352)
"13185","Georgia","Moody AFB","Air Force","31699","30.977855, -83.214088","Valdosta",10,"No",4562,1979,1461,1125,662,86,"9","9884","YES","YES","YES","YES","Lowndes County, Georgia",743,c(1602719.71575856, -1396430.15986326)
"01097","Alabama","Navmarcorescen Mobile","Navy","36603","30.702664, -88.154908","Mobile",3,"Yes",567,412,283,242,122,25,"2","1653","NO","NO","NO","NO","Mobile County, Alabama",739,c(1138978.27411713, -1505021.85928421)
"21093","Kentucky","Fort Knox","Army","40121","37.884155, -85.968701","Louisville",25,"No",4842,2361,1563,1592,1236,295,"41","11930","YES","YES","YES","YES","Hardin County, Kentucky",739,c(1229423.38301269, -686564.328490322)
"48273","Texas","Kingsville NAS","Navy","78363","27.494947, -97.819176","Corpus Christi",50,"Yes",321,188,120,77,67,7,"0","780","YES","YES","YES","YES","Kleberg County, Texas",735,c(217970.777498401, -1932554.90853609)
"04003","Arizona","Fort Huachuca","Army","85613","31.554921, -110.349258","Tucson",75,"No",4139,1830,1217,1107,821,170,"18","9302","YES","YES","YES","YES","Cochise County, Arizona",731,c(-986215.64648236, -1429997.14897883)
"20173","Kansas","McConnell AFB","Air Force","67221","37.630973, -97.255418","Wichita",6,"No",2899,1392,925,723,466,65,"6","6476","YES","YES","YES","NO","Sedgwick County, Kansas",727,c(242713.331048806, -813928.177683622)
"35013","New Mexico","White Sands Missile Range","Army","88002","32.966657, -106.388293","El Paso, TX",45,"Yes",426,235,195,111,64,18,"0","1049","YES","YES","YES","YES","Do√±a Ana County, New Mexico",726,c(-599673.245078021, -1311252.91073789)
"48465","Texas","Laughlin AFB","Air Force","78843","29.357828, -100.785227","Del Rio",6,"Yes",1388,595,358,193,101,18,"2","2655","NO","NO","YES","NO","Val Verde County, Texas",717,c(-76900.7632431551, -1730540.83982937)
"45085","South Carolina","Shaw AFB","Air Force","29152","33.970101, -80.488567","Sumter",10,"No",5651,2697,1812,1476,1185,246,"36","13103","YES","YES","YES","NO","Sumter County, South Carolina",715,c(1791745.42762845, -1016309.20541629)
"35035","New Mexico","Holloman AFB","Air Force","88330","32.848090, -106.101798","Las Cruces",50,"No",4076,1755,1149,860,530,82,"10","8462","YES","YES","YES","YES","Otero County, New Mexico",712,c(-573661.589234821, -1326272.4686184)
"17161","Illinois","Rock Island Arsenal","Army","61201","41.517632, -90.546033","Davenport, IA",4,"Yes",371,266,140,205,226,72,"11","1291","NO","YES","YES","YES","Rock Island County, Illinois",707,c(787343.584652064, -341653.883437696)
"40031","Oklahoma","Fort Sill","Army","73503","34.652550, -98.421898","Oklahoma City",90,"No",13310,4713,3392,2560,1834,320,"60","26189","YES","YES","YES","YES","Comanche County, Oklahoma",699,c(145254.746892921, -1146098.066189)
"28035","Mississippi","Camp Shelby","Air Force","39407","31.198664, -89.191285","Hattiesburg",10,"Yes",393,289,196,260,225,62,"7","1432","NO","NO","NO","NO","Forrest County, Mississippi",692,c(1034077.11930593, -1463696.67324488)
"37191","North Carolina","Seymour Johnson AFB","Air Force","27531","35.340095, -77.962176","Raleigh",50,"No",4612,2006,1463,918,592,68,"10","9669","YES","YES","YES","YES","Wayne County, North Carolina",638,c(1982236.96011015, -811039.662984137)
"40047","Oklahoma","Vance AFB","Air Force","73705","36.339291, -97.913168","Oklahoma City",90,"Yes",1349,515,370,168,91,17,"2","2512","YES","YES","YES","NO","Garfield County, Oklahoma",637,c(187862.124952959, -958591.648164386)
"28087","Mississippi","Columbus AFB","Air Force","39710","33.644172, -88.454308","Columbus",10,"Yes",1520,634,394,238,111,24,"3","2924","YES","YES","YES","YES","Lowndes County, Mississippi",636,c(1072111.91613649, -1186258.52086798)
"28075","Mississippi","Meridian NAS","Navy","39309","32.555893, -88.554927","Meridian",15,"Yes",1126,269,198,125,77,11,"o","1806","YES","YES","YES","YES","Lauderdale County, Mississippi",630,c(1077105.33938245, -1307000.85674712)
"13095","Georgia","Albany MCLB","Marine Corps","31704","31.550719, -84.064083","Albany",3,"Yes",318,205,135,144,98,17,"2","889","YES","YES","NO","YES","Dougherty County, Georgia",625,c(1512601.49630674, -1349329.80419399)
"40065","Oklahoma","Altus AFB","Air Force","73523","34.652599, -99.286598","Oklahoma City",120,"Yes",1350,647,542,311,193,26,"1","3070","YES","YES","YES","YES","Jackson County, Oklahoma",602,c(65687.511811513, -1147163.13446727)
"01045","Alabama","Fort Rucker","Army","36362","31.340581, -85.719988","Dothan",26,"No",3860,2212,1463,1138,898,217,"17","9805","NO","NO","NO","NO","Dale County, Alabama",592,c(1360649.67772287, -1399942.52561843)
